time,Ax,Ay,Az,Temperature_mpu,Gx,Gy,Gz,Temperature_bme,Pressure,Altitude,Humidity
23:03:14,-0.01,0.00,0.95,26.84,-1.52,-1.18,-1.66,26.33,1012.95,2.50,74.57
23:03:15,-0.00,-0.00,0.94,26.74,-1.67,-1.15,-1.56,26.34,1012.93,2.67,74.42
23:03:16,-0.01,0.00,0.95,26.84,-1.67,-1.13,-1.56,26.34,1012.92,2.75,74.17
23:03:17,-0.01,0.00,0.95,26.84,-1.37,-1.20,-1.85,26.34,1012.95,2.47,74.00
23:03:18,-0.01,0.01,0.95,26.84,-1.58,-1.14,-1.68,26.36,1012.97,2.34,74.04
23:03:19,-0.00,0.00,0.95,26.84,-1.43,-1.05,-1.56,26.36,1012.95,2.51,74.08
23:03:20,-0.01,0.00,0.95,26.93,-1.72,-1.18,-1.69,26.38,1012.96,2.46,74.22
23:03:21,-0.01,0.00,0.95,26.84,-1.59,-0.95,-1.81,26.38,1012.93,2.70,74.17
23:03:22,-0.00,0.01,0.95,26.84,-1.26,-1.24,-1.64,26.38,1012.96,2.43,74.72
23:03:23,-0.02,0.01,0.95,26.84,-1.57,-1.17,-1.73,26.38,1012.95,2.47,74.86
23:03:24,0.27,0.01,0.85,26.84,2.09,-79.63,4.97,26.38,1012.93,2.68,74.96
23:03:25,0.02,0.01,0.94,26.84,-1.83,-0.47,-1.84,26.39,1012.95,2.54,75.34
23:03:26,-0.02,0.02,0.95,26.84,-1.99,-1.31,-0.97,26.38,1012.95,2.47,74.93
23:03:27,0.01,0.30,0.87,26.74,-2.32,-0.21,-2.24,26.37,1012.89,2.97,74.63
23:03:28,-0.05,0.01,1.01,26.74,4.69,-9.67,-1.37,26.37,1012.95,2.50,74.51
23:03:29,0.01,0.01,0.95,26.84,-1.46,-1.00,-1.74,26.37,1012.95,2.47,74.38
23:03:30,0.01,0.00,0.94,26.84,-1.73,-1.01,-1.65,26.36,1012.94,2.54,74.22
23:03:31,0.00,0.01,0.96,26.84,-1.57,-1.07,-1.77,26.36,1012.99,2.16,74.20
23:03:32,0.00,0.01,0.95,26.84,-1.41,-1.24,-1.54,26.37,1012.97,2.37,74.14
23:03:33,0.01,0.01,0.95,26.84,-1.42,-0.89,-1.60,26.37,1012.90,2.90,74.08
23:03:34,0.01,0.01,0.94,26.74,-1.50,-1.00,-1.82,26.38,1012.93,2.63,74.07
23:03:35,-0.00,0.01,0.95,26.84,-1.55,-1.08,-1.65,26.39,1012.93,2.63,74.05
23:03:36,0.01,0.01,0.95,26.84,-1.50,-1.06,-1.64,26.39,1012.96,2.45,74.02
23:03:37,0.00,0.00,0.95,26.84,-1.42,-0.92,-1.66,26.39,1012.88,3.09,74.65
23:03:38,0.00,0.01,0.94,26.84,-1.59,-0.89,-1.64,26.36,1012.88,3.09,74.32
23:03:39,0.00,0.01,0.95,26.84,-1.37,-1.11,-1.71,26.35,1012.94,2.60,73.99
23:03:40,0.00,0.01,0.95,26.84,-1.67,-1.03,-1.69,26.35,1012.89,2.98,73.86
23:03:41,0.01,0.01,0.95,26.74,-1.43,-1.02,-1.67,26.34,1012.89,2.98,73.79
23:03:42,0.00,0.01,0.96,26.74,-1.60,-1.02,-1.52,26.34,1012.92,2.97,73.84
23:03:43,0.01,0.01,0.95,26.74,-1.63,-1.28,-1.71,26.35,1012.94,2.62,73.91
23:03:44,0.00,0.01,0.94,26.74,-1.69,-0.72,-1.79,26.36,1012.92,2.76,73.92
23:03:45,0.00,0.01,0.95,26.84,-1.53,-1.30,-1.60,26.36,1012.91,2.79,73.87
23:03:47,0.00,0.01,0.94,26.74,-1.56,-1.21,-1.55,26.36,1012.94,2.60,73.85
23:03:48,0.01,0.01,0.95,26.84,-1.66,-1.08,-1.76,26.36,1012.88,3.04,73.91
23:03:49,0.00,0.01,0.94,26.84,-1.26,-0.95,-1.74,26.37,1012.87,3.14,73.99
23:03:50,0.01,0.01,0.94,26.84,-1.52,-1.02,-1.69,26.37,1012.89,2.97,74.06
23:03:51,0.01,0.01,0.95,26.84,-1.66,-1.09,-1.66,26.37,1012.87,3.18,73.87
23:03:52,0.01,0.01,0.95,26.74,-1.57,-1.10,-1.72,26.36,1012.89,3.03,73.70
23:03:53,0.00,0.01,0.94,26.74,-1.27,-1.10,-1.58,26.37,1012.88,3.07,73.58
23:03:54,0.01,0.01,0.94,26.74,-1.38,-1.14,-1.67,26.38,1012.90,2.91,73.62
23:03:55,0.01,0.01,0.95,26.84,-1.63,-1.18,-1.73,26.39,1012.89,3.03,73.60
23:03:56,-0.00,0.01,0.94,26.74,-1.46,-1.11,-1.56,26.40,1012.85,3.30,73.62
23:03:57,0.01,0.00,0.95,26.74,-1.44,-1.27,-1.71,26.40,1012.88,3.08,73.69
23:03:58,0.01,0.00,0.95,26.74,-1.41,-1.24,-1.68,26.40,1012.84,3.38,73.72
23:03:59,0.01,0.01,0.94,26.84,-1.50,-1.11,-1.53,26.41,1012.91,2.81,73.70
23:04:00,0.00,0.01,0.94,26.74,-1.51,-1.05,-1.60,26.40,1012.88,3.12,73.61
23:04:01,0.01,0.01,0.94,26.84,-1.56,-1.07,-1.69,26.40,1012.89,3.03,73.60
23:04:02,0.00,0.01,0.94,26.84,-1.59,-1.02,-1.69,26.40,1012.86,3.21,73.56
23:04:03,0.00,0.01,0.95,26.84,-1.42,-1.02,-1.57,26.40,1012.90,2.88,73.51
23:04:04,0.00,0.01,0.94,26.74,-1.55,-1.24,-1.73,26.39,1012.91,2.81,73.56
23:04:05,-0.00,0.01,0.95,26.84,-1.63,-0.99,-1.81,26.39,1012.88,3.06,73.62
23:04:06,0.01,0.00,0.94,26.84,-1.43,-1.21,-1.60,26.40,1012.93,2.70,73.64
23:04:07,0.01,0.01,0.94,26.84,-1.55,-1.10,-1.65,26.39,1012.89,2.99,73.57
23:04:08,0.01,0.01,0.96,26.84,-1.62,-0.98,-1.66,26.37,1012.88,3.09,73.51
23:04:09,0.00,0.01,0.95,26.84,-1.49,-0.96,-1.49,26.36,1012.91,2.86,73.46
23:04:10,0.01,0.00,0.95,26.74,-1.23,-0.94,-1.65,26.34,1012.93,2.66,73.36
23:04:11,-0.00,0.00,0.94,26.84,-1.39,-1.01,-1.68,26.31,1012.88,3.05,73.30
23:04:12,-0.00,0.01,0.94,26.74,-1.53,-1.11,-1.61,26.30,1012.90,2.95,73.32
23:04:13,0.01,0.01,0.95,26.74,-1.60,-1.15,-1.53,26.29,1012.92,2.76,73.38
23:04:14,0.00,0.01,0.95,26.84,-1.44,-1.13,-1.70,26.28,1012.89,3.02,73.41
23:04:15,-0.00,0.01,0.95,26.84,-1.22,-1.19,-1.66,26.27,1012.89,3.00,73.42
23:04:16,0.01,0.01,0.94,26.74,-1.53,-1.05,-1.72,26.27,1012.89,2.97,73.50
23:04:17,0.00,0.01,0.94,26.74,-1.59,-1.02,-1.57,26.28,1012.89,3.04,73.61
23:04:18,0.00,0.00,0.95,26.74,-1.57,-1.15,-1.53,26.28,1012.90,2.91,73.61
23:04:19,0.01,0.01,0.94,26.74,-1.33,-1.02,-1.95,26.28,1012.91,2.82,73.62
23:04:20,0.01,0.01,0.95,26.74,-1.60,-1.15,-1.67,26.28,1012.90,2.95,73.71
23:04:21,-0.00,0.01,0.95,26.74,-1.40,-1.02,-1.78,26.27,1012.88,3.12,73.55
23:04:22,0.00,0.01,0.95,26.84,-1.42,-1.11,-1.80,26.27,1012.91,2.84,73.48
23:04:23,0.01,0.01,0.95,26.74,-1.59,-1.10,-1.82,26.27,1012.90,2.90,73.53
23:04:24,0.00,0.01,0.95,26.65,-1.36,-1.07,-1.73,26.27,1012.92,2.76,73.67
23:04:25,0.01,0.01,0.94,26.93,-1.66,-1.02,-1.76,26.28,1012.90,2.95,73.87
23:04:26,0.00,0.01,0.95,26.74,-1.59,-1.02,-1.75,26.28,1012.91,2.82,73.98
23:04:27,0.00,0.01,0.94,26.93,-1.38,-0.97,-1.75,26.28,1012.94,2.56,74.06
23:04:28,0.00,0.01,0.94,26.84,-1.46,-1.02,-1.63,26.29,1012.92,2.75,74.04
23:04:29,0.00,0.01,0.95,26.84,-1.44,-1.17,-1.68,26.29,1012.91,2.84,74.00
23:04:30,-0.00,0.01,0.95,26.74,-1.45,-1.08,-1.73,26.29,1012.93,2.65,74.00
23:04:31,-0.00,0.00,0.95,26.84,-1.40,-1.15,-1.76,26.29,1012.95,2.52,73.97
23:04:32,0.00,0.01,0.95,26.74,-1.53,-1.12,-1.60,26.29,1012.96,2.45,73.91
23:04:33,0.00,0.01,0.96,26.84,-1.78,-1.00,-1.62,26.28,1012.95,2.52,73.88
23:04:34,-0.00,0.00,0.95,26.74,-1.46,-1.12,-1.59,26.28,1012.93,2.67,73.90
23:04:35,0.00,0.01,0.95,26.84,-1.42,-1.21,-1.72,26.27,1012.91,2.82,73.77
23:04:36,0.00,0.01,0.95,26.84,-1.57,-0.96,-1.73,26.26,1012.94,2.60,73.78
23:04:37,0.01,0.00,0.95,26.84,-1.67,-1.06,-1.60,26.27,1012.94,2.59,73.89
23:04:38,0.00,0.01,0.94,26.84,-1.48,-1.23,-1.66,26.27,1012.93,2.68,73.97
23:04:39,0.00,0.01,0.94,26.93,-1.47,-1.04,-1.68,26.26,1012.93,2.66,73.90
23:04:40,0.01,0.01,0.95,26.84,-1.53,-1.21,-1.69,26.26,1012.95,2.46,73.86
23:04:41,0.00,0.01,0.95,26.74,-1.59,-1.10,-1.58,26.26,1012.95,2.49,73.82
23:04:42,0.00,0.01,0.95,26.84,-1.50,-0.96,-1.70,26.26,1012.97,2.36,73.77
23:04:43,0.00,0.01,0.95,26.84,-1.53,-1.05,-1.47,26.25,1012.96,2.39,73.72
23:04:44,0.00,0.01,0.94,26.84,-1.52,-1.17,-1.53,26.24,1012.96,2.42,73.75
23:04:45,0.00,0.01,0.96,26.84,-1.58,-1.18,-1.58,26.23,1012.96,2.44,73.80
23:04:46,0.00,0.00,0.94,26.74,-1.53,-1.16,-1.70,26.24,1012.98,2.23,73.82
23:04:47,0.00,0.01,0.95,26.84,-1.69,-1.10,-1.65,26.22,1012.97,2.34,73.78
23:04:48,0.00,0.01,0.95,26.84,-1.44,-1.11,-1.64,26.21,1012.97,2.36,73.69
23:04:49,-0.00,0.01,0.95,26.84,-1.30,-0.89,-1.68,26.20,1012.97,2.34,73.71
23:04:50,0.01,0.01,0.94,26.84,-1.36,-0.98,-1.53,26.20,1012.97,2.33,73.82
23:04:51,-0.00,0.01,0.95,26.84,-1.66,-1.11,-1.66,26.21,1012.96,2.38,73.91
23:04:52,0.00,0.00,0.95,26.84,-1.56,-1.50,-1.59,26.21,1012.96,2.38,73.94
23:04:53,0.01,0.01,0.94,26.74,-1.40,-1.09,-1.67,26.20,1012.95,2.48,74.01
23:04:54,0.00,0.00,0.95,26.84,-1.40,-1.24,-1.65,26.19,1012.97,2.34,74.13
23:04:55,0.01,0.01,0.94,26.74,-1.53,-1.16,-1.76,26.19,1012.96,2.38,74.23
23:04:56,0.00,0.01,0.94,26.84,-1.38,-1.28,-1.76,26.18,1012.95,2.52,74.31
23:04:57,0.00,0.01,0.95,26.74,-1.56,-0.99,-1.75,26.18,1012.96,2.43,74.41
23:04:58,0.01,0.01,0.96,26.74,-1.53,-1.12,-1.69,26.17,1013.01,1.96,74.35
23:04:59,0.00,0.01,0.95,26.65,-1.56,-0.96,-1.73,26.16,1013.02,1.92,74.37
23:05:01,0.01,0.01,0.94,26.74,-1.51,-1.14,-1.64,26.15,1013.00,2.05,74.42
23:05:02,0.01,0.01,0.94,26.74,-1.41,-1.06,-1.67,26.15,1012.97,2.33,74.47
23:05:03,0.01,0.00,0.95,26.74,-1.39,-1.10,-1.63,26.13,1013.00,2.12,74.46
23:05:04,-0.00,0.01,0.94,26.74,-1.41,-1.02,-1.65,26.12,1012.97,2.35,74.47
23:05:05,0.01,0.01,0.94,26.84,-1.44,-1.05,-1.61,26.12,1012.98,2.45,74.53
23:05:06,0.00,0.01,0.95,26.74,-1.50,-1.18,-1.68,26.12,1012.99,2.20,74.52
23:05:07,-0.00,0.01,0.95,26.74,-1.47,-1.60,-1.57,26.11,1013.02,1.90,74.58
23:05:08,-0.00,0.00,0.95,26.65,-1.31,-0.98,-1.60,26.11,1013.01,1.98,74.70
23:05:09,-0.00,0.01,0.95,26.74,-1.39,-1.09,-1.72,26.12,1013.02,1.89,74.77
23:05:10,0.01,0.01,0.95,26.74,-1.56,-1.11,-1.46,26.12,1012.99,2.15,76.03
23:05:11,0.00,0.01,0.95,26.74,-1.63,-1.16,-1.58,26.12,1013.02,1.89,76.41
23:05:12,-0.00,0.01,0.96,26.74,-1.40,-1.10,-1.69,26.12,1013.00,2.11,76.12
23:05:13,0.01,0.00,0.94,26.84,-1.52,-1.05,-1.73,26.14,1012.99,2.14,76.94
23:05:14,0.00,0.01,0.95,26.74,-1.39,-1.19,-1.83,26.13,1013.03,1.86,76.93
23:05:15,0.00,0.01,0.95,26.74,-1.41,-1.09,-1.53,26.14,1012.98,2.24,76.79
23:05:16,0.00,0.00,0.95,26.65,-1.51,-1.07,-1.60,26.13,1012.99,2.15,76.14
23:05:17,0.01,0.00,0.95,26.74,-1.50,-1.03,-1.59,26.12,1013.03,1.83,75.77
23:05:18,-0.00,0.00,0.95,26.74,-1.50,-1.01,-1.48,26.12,1013.01,2.01,75.56
23:05:19,0.01,0.01,0.94,26.65,-1.34,-1.17,-1.66,26.13,1013.01,1.98,76.41
23:05:20,-0.00,-0.00,0.95,26.74,-1.22,-1.19,-1.60,26.12,1013.01,2.01,75.97
23:05:21,0.00,0.01,0.95,26.74,-1.30,-1.08,-1.75,26.11,1013.01,1.97,75.48
23:05:22,0.00,0.01,0.94,26.74,-1.47,-0.99,-1.77,26.10,1013.04,1.73,75.30
23:05:23,-0.00,0.01,0.95,26.65,-1.39,-1.08,-1.63,26.08,1013.00,2.11,75.10
23:05:24,-0.00,0.00,0.95,26.74,-1.60,-1.18,-1.69,26.08,1013.03,1.82,75.07
23:05:25,0.01,0.01,0.95,26.65,-1.40,-1.00,-1.69,26.08,1013.03,1.80,75.08
23:05:26,0.00,0.01,0.95,26.65,-1.57,-1.01,-1.66,26.07,1013.00,2.06,74.99
23:05:27,0.00,0.01,0.95,26.65,-1.56,-1.02,-1.71,26.06,1013.02,1.99,75.00
23:05:28,0.00,0.00,0.94,26.74,-1.48,-1.16,-1.75,26.05,1013.03,1.83,74.96
23:05:29,0.00,0.01,0.96,26.65,-1.61,-1.16,-1.53,26.04,1013.03,1.82,74.98
23:05:30,-0.00,0.01,0.95,26.65,-1.63,-1.11,-1.67,26.05,1013.01,1.99,75.16
23:05:31,0.00,0.01,0.94,26.65,-1.66,-1.20,-1.60,26.04,1013.02,1.89,75.20
23:05:32,0.00,0.01,0.95,26.74,-1.50,-1.17,-1.66,26.04,1013.02,1.82,75.55
23:05:33,0.00,0.00,0.94,26.65,-1.60,-1.25,-1.69,26.04,1013.01,2.00,75.80
23:05:34,0.00,0.01,0.95,26.65,-1.40,-1.08,-1.54,26.05,1012.99,2.18,75.85
23:05:35,0.00,0.01,0.95,26.65,-1.60,-1.16,-1.53,26.06,1013.03,1.83,75.82
23:05:36,0.01,0.00,0.95,26.65,-1.49,-1.12,-1.76,26.05,1013.02,1.90,75.76
23:05:37,0.00,0.01,0.95,26.74,-1.73,-1.13,-1.56,26.05,1013.02,1.90,75.78
23:05:38,0.00,0.01,0.95,26.65,-1.50,-1.04,-1.79,26.06,1013.01,2.00,75.74
23:05:39,0.01,0.00,0.95,26.65,-1.66,-1.15,-1.73,26.06,1013.01,1.99,75.57
23:05:40,0.00,0.01,0.95,26.74,-1.52,-1.06,-1.51,26.05,1013.03,1.80,75.47
23:05:41,0.01,0.01,0.95,26.74,-1.45,-1.22,-1.63,26.03,1013.00,2.12,75.42
23:05:42,-0.00,0.01,0.95,26.65,-1.32,-1.12,-1.50,26.04,1013.01,1.98,75.42
23:05:43,0.01,0.01,0.95,26.65,-1.50,-1.25,-1.69,26.05,1013.02,1.95,75.46
23:05:44,-0.00,0.01,0.95,26.65,-1.48,-1.13,-1.52,26.04,1013.04,1.75,75.73
23:05:45,0.01,0.01,0.95,26.65,-1.50,-1.09,-1.67,26.04,1013.03,1.79,75.96
23:05:46,-0.00,0.01,0.95,26.65,-1.63,-0.89,-1.54,26.04,1013.04,1.79,76.07
23:05:47,0.00,0.01,0.95,26.74,-1.65,-1.18,-1.58,26.04,1013.01,1.99,76.10
23:05:48,0.00,0.01,0.94,26.74,-1.60,-1.24,-1.69,26.05,1013.03,1.85,76.14
23:05:49,-0.00,0.01,0.94,26.65,-1.50,-0.97,-1.73,26.06,1013.03,1.82,76.12
23:05:50,0.00,0.01,0.95,26.65,-1.69,-1.14,-1.73,26.06,1013.01,1.98,76.25
23:05:51,-0.00,0.01,0.95,26.74,-1.70,-1.07,-1.60,26.06,1013.04,1.78,76.28
23:05:52,0.01,0.01,0.94,26.65,-1.51,-0.92,-1.60,26.07,1013.04,1.79,76.65
23:05:53,0.01,0.01,0.94,26.55,-1.54,-1.08,-1.71,26.07,1013.02,1.89,76.48
23:05:54,0.01,0.00,0.95,26.65,-1.47,-1.14,-1.74,26.08,1013.03,1.80,76.05
23:05:55,-0.00,0.00,0.94,26.55,-1.53,-0.98,-1.61,26.09,1013.04,1.71,76.42
23:05:56,0.00,0.01,0.95,26.55,-1.53,-1.13,-1.60,26.08,1013.00,2.06,76.77
23:05:57,0.00,0.01,0.94,26.55,-1.76,-1.15,-1.58,26.09,1013.01,2.02,76.79
23:05:58,0.00,0.01,0.94,26.65,-1.48,-0.94,-1.58,26.10,1013.01,2.00,76.38
23:05:59,0.01,0.01,0.94,26.65,-1.24,-0.93,-1.69,26.10,1012.98,2.21,76.00
23:06:00,0.00,0.01,0.95,26.65,-1.77,-0.95,-1.70,26.11,1012.98,2.29,75.82
23:06:01,0.01,0.01,0.95,26.55,-1.50,-0.89,-1.65,26.11,1012.98,2.21,75.61
23:06:02,0.00,0.00,0.95,26.74,-1.44,-0.87,-1.54,26.11,1013.01,1.97,75.39
23:06:03,0.00,0.01,0.94,26.65,-1.27,-1.08,-1.77,26.10,1013.01,2.00,75.26
23:06:04,0.00,0.01,0.95,26.65,-1.65,-1.02,-1.63,26.10,1013.00,1.94,75.17
23:06:05,0.01,0.01,0.94,26.55,-1.56,-1.03,-1.66,26.11,1013.03,1.83,75.18
23:06:06,0.00,0.01,0.94,26.55,-1.40,-1.02,-1.64,26.10,1013.01,1.97,75.12
23:06:07,0.00,0.01,0.95,26.55,-1.56,-1.02,-1.65,26.11,1012.98,2.21,75.23
23:06:08,0.01,0.01,0.95,26.65,-1.58,-1.11,-1.80,26.12,1013.01,1.97,76.11
23:06:09,0.00,0.01,0.95,26.55,-1.40,-1.02,-1.67,26.11,1013.00,2.11,76.07
23:06:10,0.01,0.01,0.94,26.55,-1.52,-1.18,-1.62,26.09,1012.99,2.15,75.82
23:06:11,0.01,0.01,0.95,26.55,-1.55,-1.08,-1.47,26.10,1013.02,1.92,76.14
23:06:12,0.00,0.01,0.94,26.55,-1.47,-0.98,-1.66,26.10,1013.02,1.91,76.21
23:06:13,-0.00,0.01,0.95,26.55,-1.58,-1.07,-1.63,26.11,1013.02,1.94,76.09
23:06:15,0.01,0.00,0.95,26.55,-1.48,-1.24,-1.60,26.12,1012.99,2.14,76.03
23:06:16,0.00,0.01,0.94,26.55,-1.60,-1.00,-1.77,26.11,1013.01,1.97,75.71
23:06:17,0.00,0.01,0.96,26.55,-1.75,-0.95,-1.64,26.12,1013.01,2.00,75.69
23:06:18,-0.00,0.01,0.95,26.65,-1.44,-1.08,-1.61,26.12,1012.98,2.26,75.59
23:06:19,0.00,0.01,0.94,26.65,-1.38,-1.12,-1.69,26.13,1012.96,2.42,75.59
23:06:20,0.00,0.01,0.95,26.65,-1.72,-1.11,-1.71,26.13,1012.99,2.14,75.68
23:06:21,0.01,0.00,0.95,26.55,-1.53,-0.97,-1.56,26.12,1013.00,2.05,75.65
23:06:22,0.00,0.01,0.94,26.46,-1.54,-1.14,-1.55,26.11,1012.96,2.41,75.50
23:06:23,0.00,0.01,0.95,26.55,-1.41,-1.24,-1.73,26.10,1013.01,2.03,75.40
23:06:24,0.00,0.01,0.95,26.55,-1.45,-1.05,-1.51,26.09,1012.98,2.21,75.38
23:06:25,0.01,0.01,0.95,26.46,-1.47,-1.02,-1.76,26.09,1013.03,1.85,75.39
23:06:26,-0.00,0.01,0.95,26.55,-1.62,-1.01,-1.89,26.08,1012.96,2.40,75.75
23:06:27,0.00,0.00,0.95,26.55,-1.40,-1.17,-1.65,26.09,1012.99,2.20,76.17
23:06:28,0.00,-0.00,0.95,26.46,-1.31,-1.02,-1.79,26.07,1012.99,2.18,75.92
23:06:29,0.00,0.01,0.94,26.65,-1.52,-1.22,-1.60,26.07,1012.96,2.45,75.85
23:06:30,0.01,0.00,0.95,26.55,-1.63,-1.21,-1.76,26.06,1012.96,2.45,76.33
23:06:31,-0.00,0.01,0.95,26.55,-1.45,-1.20,-1.62,26.04,1012.98,2.25,76.42
23:06:32,0.00,0.01,0.96,26.55,-1.30,-1.15,-1.66,26.04,1012.99,2.28,76.25
23:06:33,0.00,0.01,0.95,26.65,-1.51,-0.97,-1.72,26.04,1013.00,2.11,76.75
23:06:34,0.00,0.01,0.95,26.46,-1.40,-1.11,-1.68,26.03,1012.99,2.17,76.70
23:06:35,-0.00,0.01,0.95,26.55,-1.39,-1.18,-1.56,26.02,1012.97,2.34,76.61
23:06:36,0.00,0.00,0.95,26.46,-1.66,-1.14,-1.65,26.01,1012.97,2.30,76.46
23:06:37,-0.00,0.01,0.94,26.55,-1.47,-1.12,-1.78,26.00,1012.95,2.48,76.30
23:06:38,0.01,0.01,0.95,26.46,-1.56,-1.11,-1.53,25.98,1012.94,2.54,76.24
23:06:39,-0.00,0.01,0.95,26.55,-1.51,-0.98,-1.69,25.98,1012.94,2.60,76.41
23:06:40,0.01,0.01,0.95,26.55,-1.50,-1.19,-1.72,26.00,1012.99,2.15,77.25
23:06:41,-0.01,0.01,0.95,26.46,-1.56,-1.13,-1.73,26.01,1012.99,2.18,77.54
23:06:42,-0.00,0.00,0.95,26.55,-1.57,-1.11,-1.61,26.00,1012.98,2.28,77.15
23:06:43,-0.00,0.01,0.95,26.55,-1.48,-1.04,-1.63,26.00,1012.98,2.29,76.83
23:06:44,-0.00,0.00,0.95,26.55,-1.37,-1.13,-1.70,25.99,1012.95,2.47,76.61
23:06:45,0.00,0.01,0.95,26.55,-1.53,-1.14,-1.65,25.99,1012.96,2.42,76.45
23:06:46,-0.00,0.00,0.95,26.46,-1.60,-0.95,-1.76,25.99,1012.94,2.61,76.40
23:06:47,0.00,0.01,0.95,26.55,-1.44,-1.18,-1.56,25.99,1012.91,2.81,76.39
23:06:48,0.00,0.01,0.95,26.46,-1.70,-0.98,-1.91,25.99,1012.94,2.60,76.43
23:06:49,0.00,0.00,0.95,26.46,-1.70,-0.96,-1.66,26.00,1012.97,2.50,76.46
23:06:50,0.00,0.01,0.95,26.65,-1.62,-1.09,-1.66,25.99,1012.92,2.71,76.38
23:06:51,-0.00,0.01,0.95,26.55,-1.68,-1.05,-1.66,26.00,1012.92,2.73,76.36
23:06:52,0.01,0.00,0.95,26.55,-1.53,-1.05,-1.72,26.00,1012.95,2.53,76.30
23:06:53,-0.00,0.01,0.95,26.55,-1.53,-1.06,-1.64,25.99,1012.92,2.78,76.21
23:06:54,-0.00,0.01,0.95,26.46,-1.56,-1.11,-1.66,25.99,1012.91,2.99,76.12
23:06:55,0.00,0.01,0.94,26.55,-1.47,-1.08,-1.68,25.98,1012.89,3.03,76.06
23:06:56,0.01,0.01,0.95,26.55,-1.50,-1.18,-1.70,25.97,1012.92,2.75,76.01
23:06:57,-0.01,0.00,0.94,26.46,-1.60,-0.66,-1.73,25.98,1012.90,2.90,76.04
23:06:58,0.00,0.01,0.96,26.55,-1.62,-1.15,-1.59,25.98,1012.93,2.66,76.09
23:06:59,0.00,0.01,0.94,26.55,-1.40,-1.12,-1.77,25.98,1012.92,2.78,76.12
23:07:00,-0.00,0.01,0.94,26.55,-1.32,-1.12,-1.56,25.98,1012.94,2.62,76.18
23:07:01,-0.00,0.01,0.96,26.55,-1.56,-1.04,-1.67,25.96,1012.90,2.89,76.14
23:07:02,-0.00,0.00,0.95,26.46,-1.51,-1.23,-1.91,25.97,1012.92,2.78,76.18
23:07:03,0.00,0.01,0.95,26.55,-1.55,-1.11,-1.54,25.95,1012.90,2.91,76.18
23:07:04,0.00,0.00,0.95,26.55,-1.35,-1.27,-1.75,25.94,1012.89,2.98,76.13
23:07:05,0.00,0.00,0.95,26.55,-1.53,-1.13,-1.60,25.93,1012.88,3.07,76.09
23:07:06,0.00,0.00,0.95,26.46,-1.76,-1.23,-1.78,25.93,1012.91,2.85,76.14
23:07:07,0.00,0.01,0.95,26.65,-1.49,-0.83,-1.56,25.93,1012.87,3.15,76.20
23:07:08,0.00,0.00,0.95,26.55,-1.57,-0.95,-1.60,25.92,1012.90,2.94,76.27
23:07:09,0.02,0.01,0.92,26.46,-1.76,0.63,-1.74,25.91,1012.88,3.10,76.46
23:07:10,0.00,0.01,0.95,26.46,-1.49,-1.05,-1.63,25.90,1012.89,3.03,76.54
23:07:11,0.00,-0.00,0.95,26.55,-1.27,-1.05,-1.70,25.91,1012.86,3.23,76.89
23:07:12,0.02,0.01,0.95,26.46,-1.47,-0.98,-1.61,25.91,1012.85,3.29,77.31
23:07:13,0.01,0.01,0.95,26.55,-1.54,-1.18,-1.77,25.92,1012.88,3.08,77.09
23:07:14,-0.00,0.01,0.94,26.55,-1.50,-0.82,-1.62,25.92,1012.87,3.19,76.91
23:07:15,-0.00,0.01,0.95,26.55,-1.56,-1.21,-1.73,25.94,1012.91,2.85,76.79
23:07:16,-0.00,0.01,0.95,26.55,-1.42,-1.02,-1.63,25.94,1012.88,3.09,76.71
23:07:17,0.00,0.01,0.95,26.55,-1.72,-1.01,-1.71,25.96,1012.88,3.07,78.00
23:07:18,0.00,0.01,0.95,26.55,-1.11,-0.94,-1.54,25.96,1012.86,3.17,77.58
23:07:19,0.00,0.00,0.96,26.55,-1.46,-0.92,-1.59,25.95,1012.90,2.92,77.32
23:07:20,-0.00,0.01,0.95,26.46,-1.47,-1.02,-1.82,25.96,1012.87,3.18,77.88
23:07:21,0.00,0.01,0.95,26.55,-1.54,-0.95,-1.69,25.96,1012.88,3.11,78.25
23:07:22,0.00,0.01,0.95,26.46,-1.58,-1.06,-1.64,25.96,1012.88,3.06,77.70
23:07:23,0.01,0.01,0.94,26.46,-1.47,-1.11,-1.60,25.96,1012.89,2.96,77.00
23:07:24,0.00,0.01,0.95,26.46,-1.30,-1.15,-1.65,25.97,1012.89,2.97,77.73
23:07:25,0.01,0.01,0.95,26.55,-1.50,-1.11,-1.61,25.98,1012.88,3.08,78.05
23:07:26,0.00,0.01,0.94,26.46,-1.58,-1.18,-1.76,25.98,1012.89,3.02,77.79
23:07:27,0.00,0.01,0.95,26.46,-1.61,-1.07,-1.69,25.98,1012.87,3.15,77.62
23:07:29,0.01,0.01,0.95,26.55,-1.26,-1.20,-1.47,25.99,1012.88,3.08,77.57
23:07:30,0.01,0.01,0.95,26.46,-1.49,-0.98,-1.67,25.99,1012.88,3.07,77.96
23:07:31,0.01,0.01,0.95,26.46,-1.50,-1.12,-1.64,25.98,1012.90,2.91,77.85
23:07:32,0.00,0.01,0.95,26.55,-1.42,-1.09,-1.60,25.98,1012.89,2.97,77.80
23:07:33,0.00,0.01,0.95,26.55,-1.58,-1.12,-1.79,25.99,1012.88,3.04,78.06
23:07:34,0.01,0.01,0.95,26.46,-1.50,-1.29,-1.70,26.01,1012.89,2.98,78.17
23:07:35,0.00,0.01,0.95,26.55,-1.54,-1.11,-1.69,26.03,1012.87,3.18,78.16
23:07:36,0.00,0.00,0.96,26.65,-1.56,-1.18,-1.67,26.02,1012.88,3.08,77.66
23:07:37,0.00,0.00,0.96,26.46,-1.50,-1.26,-1.79,26.01,1012.90,2.90,77.24
23:07:38,-0.00,0.00,0.95,26.46,-1.42,-1.15,-1.82,26.00,1012.92,2.75,76.88
23:07:39,-0.00,0.00,0.95,26.46,-1.54,-1.23,-1.80,26.00,1012.88,3.06,76.76
23:07:40,0.00,0.00,0.94,26.55,-1.47,-1.15,-1.66,25.99,1012.89,3.02,76.70
23:07:41,-0.00,0.01,0.95,26.46,-1.46,-1.08,-1.74,25.98,1012.88,3.02,76.65
23:07:42,0.00,0.01,0.95,26.55,-1.52,-0.98,-1.63,25.98,1012.90,2.93,76.64
23:07:43,0.01,0.01,0.95,26.55,-1.40,-0.96,-1.69,25.97,1012.87,3.16,76.51
23:07:44,0.00,0.01,0.94,26.55,-1.67,-1.04,-1.65,25.96,1012.91,2.87,76.43
23:07:45,-0.00,0.01,0.95,26.46,-1.34,-1.02,-1.73,25.96,1012.88,3.10,76.54
23:07:46,0.00,0.00,0.95,26.55,-1.33,-0.88,-1.54,25.96,1012.91,2.84,76.86
23:07:47,0.00,0.00,0.94,26.55,-1.43,-1.05,-1.66,25.97,1012.90,2.93,77.23
23:07:48,-0.00,0.01,0.95,26.55,-1.52,-1.09,-1.77,25.98,1012.90,2.95,77.45
23:07:49,0.00,0.00,0.94,26.46,-1.50,-1.21,-1.69,25.97,1012.90,2.90,77.88
23:07:50,0.00,0.00,0.94,26.46,-1.61,-0.98,-1.70,25.96,1012.85,3.29,77.31
23:07:51,0.00,0.01,0.94,26.46,-1.56,-1.00,-1.66,25.95,1012.87,3.14,77.08
23:07:52,-0.00,0.01,0.96,26.55,-1.49,-1.02,-1.69,25.94,1012.87,3.17,76.77
23:07:53,0.00,0.01,0.94,26.55,-1.51,-1.09,-1.56,25.93,1012.88,3.11,76.64
23:07:54,0.00,0.00,0.96,26.55,-1.67,-1.18,-1.74,25.91,1012.88,3.05,76.41
23:07:55,0.01,0.00,0.94,26.55,-1.42,-1.01,-1.52,25.90,1012.86,3.28,76.28
23:07:56,-0.00,0.01,0.94,26.46,-1.44,-1.11,-1.62,25.88,1012.84,3.45,76.20
23:07:57,-0.00,0.00,0.95,26.46,-1.56,-1.05,-1.73,25.87,1012.87,3.13,76.22
23:07:58,0.00,0.01,0.95,26.46,-1.70,-0.88,-1.74,25.86,1012.84,3.41,76.21
23:07:59,0.00,0.01,0.95,26.46,-1.58,-1.12,-1.54,25.85,1012.89,3.00,76.25
23:08:00,0.00,0.01,0.95,26.46,-1.44,-1.18,-1.66,25.84,1012.85,3.32,76.24
23:08:01,0.01,0.01,0.95,26.46,-1.59,-1.08,-1.52,25.84,1012.83,3.47,76.34
23:08:02,-0.00,0.01,0.96,26.55,-1.63,-0.95,-1.73,25.83,1012.81,3.65,76.24
23:08:03,0.00,0.00,0.96,26.55,-1.62,-1.04,-1.65,25.82,1012.84,3.37,76.11
23:08:04,-0.01,0.01,0.95,26.46,-1.16,-1.90,-1.58,25.81,1012.86,3.27,76.06
23:08:05,0.00,0.01,0.95,26.46,-1.50,-1.14,-1.61,25.82,1012.85,3.32,76.15
23:08:06,0.00,0.01,0.95,26.46,-1.50,-1.15,-1.65,25.81,1012.85,3.31,76.22
23:08:07,0.01,0.01,0.94,26.37,-1.44,-1.09,-1.62,25.80,1012.84,3.44,76.21
23:08:08,-0.00,0.01,0.95,26.46,-1.77,-1.06,-1.65,25.79,1012.87,3.20,76.23
23:08:09,0.01,0.02,0.95,26.55,-1.37,-1.01,-1.58,25.80,1012.85,3.32,76.26
23:08:10,-0.00,0.01,0.95,26.46,-1.39,-1.00,-1.67,25.79,1012.85,3.35,76.28
23:08:11,0.01,0.00,0.95,26.55,-1.69,-1.01,-1.66,25.77,1012.88,3.12,76.24
23:08:12,0.01,0.01,0.95,26.55,-1.27,-1.06,-1.62,25.76,1012.86,3.25,76.18
23:08:13,-0.00,0.01,0.96,26.55,-1.48,-1.16,-1.71,25.75,1012.85,3.32,76.23
23:08:14,-0.00,0.02,0.95,26.55,-1.45,-1.06,-1.71,25.74,1012.87,3.14,76.23
23:08:15,0.01,0.01,0.95,26.46,-1.62,-1.05,-1.89,25.73,1012.83,3.43,76.20
23:08:16,0.01,0.01,0.96,26.55,-1.63,-0.92,-1.69,25.72,1012.85,3.30,76.12
23:08:17,0.00,0.01,0.94,26.55,-1.49,-0.98,-1.68,25.70,1012.86,3.23,76.08
23:08:18,0.00,0.00,0.94,26.55,-1.60,-0.92,-1.76,25.69,1012.87,3.19,76.15
23:08:19,0.00,0.01,0.95,26.46,-1.64,-1.07,-1.53,25.68,1012.85,3.31,76.25
23:08:20,0.00,0.00,0.95,26.46,-1.49,-1.21,-1.73,25.67,1012.86,3.24,76.30
23:08:21,0.00,0.01,0.95,26.55,-1.47,-1.08,-1.71,25.66,1012.84,3.43,76.30
23:08:22,-0.00,0.01,0.95,26.46,-1.63,-1.09,-1.69,25.66,1012.87,3.16,76.37
23:08:23,0.00,0.01,0.95,26.55,-1.61,-1.08,-1.62,25.66,1012.83,3.52,76.46
23:08:24,0.00,0.01,0.95,26.46,-1.47,-1.18,-1.58,25.66,1012.86,3.26,76.51
23:08:25,-0.00,0.01,0.95,26.55,-1.48,-1.01,-1.78,25.65,1012.86,3.25,76.46
23:08:26,-0.00,0.01,0.94,26.55,-1.50,-1.21,-1.67,25.64,1012.82,3.56,76.46
23:08:27,0.00,0.01,0.95,26.46,-1.38,-1.16,-1.66,25.64,1012.85,3.39,76.56
23:08:28,0.01,0.01,0.94,26.37,-1.49,-1.11,-1.80,25.63,1012.84,3.39,76.65
23:08:29,-0.00,0.00,0.94,26.37,-1.46,-1.01,-1.78,25.63,1012.84,3.37,76.69
23:08:30,0.00,0.01,0.95,26.46,-1.62,-0.87,-1.63,25.63,1012.86,3.23,76.70
23:08:31,0.00,0.01,0.94,26.46,-1.60,-1.15,-1.60,25.63,1012.84,3.43,76.71
23:08:32,-0.00,-0.00,0.95,26.46,-1.60,-1.03,-1.64,25.63,1012.85,3.36,76.76
23:08:33,0.00,0.01,0.95,26.46,-1.51,-1.05,-1.71,25.66,1012.88,3.05,77.35
23:08:34,0.00,0.00,0.95,26.46,-1.74,-1.02,-1.85,25.66,1012.85,3.37,77.48
23:08:35,0.00,0.01,0.94,26.55,-1.48,-1.18,-1.64,25.67,1012.84,3.44,77.26
23:08:36,-0.00,0.00,0.95,26.37,-1.50,-1.16,-1.80,25.67,1012.87,3.14,77.13
23:08:37,0.00,0.01,0.94,26.46,-1.49,-1.07,-1.71,25.69,1012.85,3.36,77.03
23:08:38,-0.00,0.01,0.95,26.46,-1.49,-1.09,-1.70,25.70,1012.86,3.26,76.98
23:08:39,0.00,0.01,0.95,26.46,-1.80,-1.17,-1.51,25.71,1012.84,3.39,77.55
23:08:40,0.01,0.01,0.95,26.46,-1.48,-1.17,-1.73,25.73,1012.84,3.41,77.81
23:08:41,0.00,0.01,0.95,26.37,-1.55,-1.27,-1.62,25.74,1012.87,3.12,78.36
23:08:42,0.01,0.00,0.95,26.46,-1.45,-1.17,-1.55,25.75,1012.85,3.33,79.08
23:08:44,0.00,0.01,0.96,26.46,-1.64,-1.12,-1.73,25.74,1012.86,3.27,78.66
23:08:45,0.00,0.01,0.95,26.37,-1.60,-1.02,-1.78,25.75,1012.85,3.14,78.15
23:08:46,-0.00,0.01,0.95,26.46,-1.60,-1.21,-1.60,25.73,1012.87,3.18,77.73
23:08:47,0.00,0.00,0.95,26.46,-1.36,-1.08,-1.67,25.73,1012.84,3.39,77.45
23:08:48,0.00,0.00,0.95,26.55,-1.52,-1.05,-1.65,25.75,1012.84,3.39,78.35
23:08:49,-0.00,0.01,0.95,26.46,-1.79,-0.95,-1.85,25.76,1012.89,3.03,78.95
23:08:50,0.00,0.01,0.94,26.37,-1.44,-1.38,-1.60,25.77,1012.90,2.95,79.62
23:08:51,0.00,0.01,0.94,26.55,-1.45,-1.02,-1.56,25.78,1012.87,3.20,79.11
23:08:52,0.00,0.01,0.94,26.37,-1.42,-1.21,-1.40,25.77,1012.85,3.31,78.16
23:08:53,0.00,0.00,0.95,26.46,-1.55,-1.16,-1.56,25.80,1012.88,3.11,80.21
23:08:54,0.01,0.01,0.95,26.46,-1.50,-1.07,-1.60,25.80,1012.86,3.25,80.30
23:08:55,0.00,0.01,0.95,26.46,-1.68,-0.98,-1.71,25.79,1012.88,3.09,79.34
23:08:56,0.00,0.01,0.95,26.46,-1.43,-1.23,-1.85,25.80,1012.91,2.85,78.71
23:08:57,0.00,0.01,0.95,26.46,-1.61,-1.05,-1.74,25.80,1012.89,3.02,78.54
23:08:58,0.00,0.01,0.95,26.46,-1.37,-1.11,-1.75,25.82,1012.84,3.38,78.81
23:08:59,-0.01,-0.00,0.95,26.46,-1.40,-0.85,-1.51,25.83,1012.86,3.24,78.94
23:09:00,0.00,0.01,0.95,26.46,-1.40,-1.02,-1.73,25.84,1012.84,3.43,78.96
23:09:01,0.01,0.01,0.96,26.37,-1.42,-0.95,-1.76,25.85,1012.86,3.24,79.34
23:09:02,0.00,0.00,0.95,26.46,-1.49,-0.97,-1.68,25.85,1012.86,3.22,79.33
23:09:03,0.01,0.01,0.95,26.37,-1.47,-0.99,-1.55,25.86,1012.85,3.35,79.19
23:09:04,0.00,0.01,0.95,26.37,-1.53,-1.05,-1.75,25.87,1012.88,3.07,79.17
23:09:05,0.00,0.01,0.95,26.46,-1.43,-1.20,-1.55,25.88,1012.89,2.96,79.04
23:09:06,0.00,0.01,0.94,26.37,-1.50,-0.99,-1.79,25.88,1012.89,2.97,78.39
23:09:07,0.00,0.01,0.96,26.37,-1.47,-1.08,-1.60,25.88,1012.87,3.12,78.44
23:09:08,0.00,0.01,0.94,26.37,-1.59,-1.07,-1.66,25.89,1012.88,3.07,78.58
23:09:09,0.00,0.00,0.95,26.37,-1.60,-1.06,-1.61,25.89,1012.88,3.19,78.44
23:09:10,0.01,0.01,0.94,26.37,-1.53,-1.05,-1.69,25.90,1012.89,3.03,78.30
23:09:11,0.00,0.01,0.93,26.46,-1.54,-1.11,-1.79,25.91,1012.88,3.05,78.21
23:09:12,0.00,0.01,0.95,26.46,-1.53,-1.30,-1.79,25.91,1012.86,3.21,78.09
23:09:13,-0.00,0.01,0.95,26.37,-1.35,-1.09,-1.52,25.92,1012.87,3.17,79.41
23:09:14,0.00,0.00,0.94,26.37,-1.40,-1.15,-1.36,25.93,1012.85,3.30,79.48
23:09:15,-0.00,0.01,0.95,26.37,-1.47,-1.04,-1.65,25.92,1012.90,2.92,78.91
23:09:16,-0.00,0.01,0.95,26.46,-1.47,-1.12,-1.40,25.92,1012.90,2.94,78.57
23:09:17,0.00,0.01,0.95,26.46,-1.45,-1.16,-1.56,25.92,1012.90,2.88,78.05
23:09:18,-0.00,0.01,0.95,26.37,-1.59,-1.13,-1.55,25.91,1012.90,2.94,77.77
23:09:19,-0.00,0.01,0.95,26.46,-1.58,-1.21,-1.51,25.91,1012.91,2.82,77.61
23:09:20,0.00,0.01,0.94,26.46,-1.44,-1.11,-1.76,25.91,1012.90,2.91,77.54
23:09:21,0.00,0.01,0.95,26.46,-1.47,-1.15,-1.64,25.91,1012.92,2.78,77.42
23:09:22,-0.00,0.01,0.96,26.55,-1.59,-1.18,-1.50,25.92,1012.92,2.74,77.33
23:09:23,0.00,0.01,0.95,26.46,-1.65,-1.23,-1.78,25.91,1012.90,2.96,77.24
23:09:24,-0.01,0.01,0.95,26.55,-1.55,-0.99,-1.69,25.91,1012.91,2.84,77.14
23:09:25,0.00,0.01,0.95,26.55,-1.35,-1.00,-1.56,25.91,1012.88,3.10,77.12
23:09:26,-0.00,0.01,0.96,26.46,-1.47,-1.13,-1.75,25.91,1012.91,2.79,77.08
23:09:27,0.00,0.01,0.95,26.46,-1.38,-1.01,-1.68,25.92,1012.91,2.85,77.17
23:09:28,0.00,0.01,0.94,26.46,-1.34,-1.25,-1.63,25.92,1012.92,2.71,77.18
23:09:29,0.00,0.01,0.95,26.46,-1.59,-0.89,-1.84,25.90,1012.92,2.73,77.07
23:09:30,0.00,0.01,0.95,26.46,-1.54,-1.11,-1.50,25.90,1012.91,2.86,76.99
23:09:31,-0.00,0.01,0.95,26.46,-1.60,-1.08,-1.74,25.90,1012.91,2.86,76.85
23:09:32,-0.00,0.01,0.95,26.46,-1.62,-1.37,-1.67,25.89,1012.93,2.65,76.62
23:09:33,0.00,0.01,0.94,26.46,-1.57,-1.15,-1.82,25.89,1012.90,2.91,76.52
23:09:34,-0.00,0.01,0.94,26.46,-1.74,-1.27,-1.75,25.90,1012.88,3.08,76.49
23:09:35,0.01,0.01,0.95,26.46,-1.34,-1.03,-1.69,25.90,1012.86,3.21,76.46
23:09:36,0.01,0.01,0.95,26.46,-1.82,-0.91,-1.76,25.91,1012.89,2.97,76.39
23:09:37,-0.01,0.00,0.95,26.46,-1.53,-1.26,-1.44,25.92,1012.89,2.96,78.14
23:09:38,-0.01,0.01,0.94,26.46,-1.56,-1.04,-1.73,25.92,1012.86,2.91,78.45
23:09:39,0.00,0.00,0.95,26.55,-1.18,-1.39,-1.73,25.93,1012.90,2.91,78.70
23:09:40,-0.00,0.00,0.94,26.46,-1.63,-1.19,-1.73,25.94,1012.92,2.71,78.58
23:09:41,0.00,0.01,0.95,26.46,-1.56,-1.22,-1.56,25.93,1012.89,2.98,77.78
23:09:42,0.00,0.01,0.94,26.46,-1.49,-1.03,-1.54,25.94,1012.93,2.65,77.46
23:09:43,0.00,0.01,0.94,26.46,-1.66,-1.07,-1.73,25.93,1012.89,2.99,78.11
23:09:44,0.00,0.01,0.95,26.46,-1.57,-1.03,-1.76,25.94,1012.88,3.11,79.32
23:09:45,-0.00,0.01,0.94,26.46,-1.47,-1.21,-1.73,25.95,1012.92,2.74,79.94
23:09:46,-0.00,0.01,0.95,26.46,-1.61,-1.01,-1.53,25.95,1012.89,2.98,78.63
23:09:47,0.00,0.00,0.94,26.37,-1.31,-1.08,-1.73,25.94,1012.89,3.03,77.83
23:09:48,-0.00,0.00,0.94,26.37,-1.48,-1.20,-1.77,25.94,1012.93,2.69,77.40
23:09:49,0.01,0.01,0.94,26.37,-1.57,-0.92,-1.70,25.95,1012.93,2.63,77.11
23:09:50,0.00,0.00,0.95,26.37,-1.41,-1.18,-1.92,25.95,1012.95,2.75,76.73
23:09:51,-0.00,0.00,0.95,26.37,-1.37,-1.28,-1.65,25.93,1012.89,2.97,76.52
23:09:52,-0.00,0.01,0.94,26.46,-1.53,-1.07,-1.58,25.93,1012.91,2.80,76.47
23:09:53,0.00,0.01,0.95,26.37,-1.42,-1.21,-1.68,25.93,1012.93,2.70,76.43
23:09:54,0.01,0.00,0.95,26.37,-1.51,-1.20,-1.69,25.93,1012.94,2.61,76.40
23:09:55,0.00,0.01,0.94,26.37,-1.34,-0.92,-1.76,25.93,1012.94,2.61,76.26
23:09:56,0.00,0.01,0.95,26.46,-1.23,-1.34,-1.69,25.93,1012.96,2.40,76.26
23:09:58,0.00,0.01,0.95,26.37,-1.51,-0.91,-1.64,25.93,1012.93,2.68,76.36
23:09:59,-0.00,0.01,0.95,26.37,-1.64,-1.07,-1.67,25.94,1012.92,2.78,76.40
23:10:00,0.00,0.01,0.95,26.46,-1.26,-0.98,-1.66,25.94,1012.91,2.80,76.43
23:10:01,0.00,0.00,0.95,26.37,-1.44,-0.95,-1.66,25.94,1012.93,2.64,76.50
23:10:02,-0.00,0.01,0.95,26.46,-1.73,-0.82,-1.72,25.95,1012.94,2.59,76.57
23:10:03,0.00,0.01,0.95,26.37,-1.61,-1.15,-1.59,25.96,1012.93,2.66,78.10
23:10:04,0.00,0.01,0.95,26.37,-1.61,-1.15,-1.71,25.97,1012.94,2.60,78.21
23:10:05,0.00,0.01,0.95,26.46,-1.41,-1.09,-1.79,25.96,1012.94,2.55,77.52
23:10:06,0.00,0.01,0.95,26.37,-1.70,-0.93,-1.78,25.96,1012.92,2.71,77.10
23:10:07,0.01,0.00,0.95,26.46,-1.37,-1.18,-1.75,25.97,1012.92,2.77,77.07
23:10:08,-0.00,0.00,0.95,26.46,-1.16,-1.18,-1.67,25.97,1012.89,2.69,76.82
23:10:09,0.00,0.01,0.95,26.46,-1.40,-1.08,-1.66,25.97,1012.91,2.79,76.84
23:10:10,0.00,-0.00,0.95,26.46,-1.55,-1.02,-1.73,25.97,1012.90,2.94,76.70
23:10:11,0.00,0.01,0.96,26.46,-1.60,-0.73,-1.64,25.98,1012.89,2.97,76.89
23:10:12,-0.01,0.01,0.95,26.37,-1.51,-1.02,-1.87,25.98,1012.92,2.71,76.89
23:10:13,0.01,0.00,0.96,26.37,-1.48,-1.01,-1.69,25.98,1012.92,2.74,76.92
23:10:14,-0.00,0.01,0.94,26.37,-1.59,-1.02,-1.52,25.98,1012.90,2.90,76.93
23:10:15,-0.00,0.01,0.95,26.46,-1.33,-0.94,-1.79,25.99,1012.92,2.76,76.97
23:10:16,0.00,0.00,0.94,26.46,-1.44,-1.08,-1.47,25.99,1012.92,2.73,76.92
23:10:17,-0.00,0.01,0.95,26.46,-1.51,-0.96,-1.76,25.99,1012.92,2.71,76.90
23:10:18,-0.00,0.01,0.95,26.37,-1.65,-0.94,-1.69,25.99,1012.92,2.73,76.82
23:10:19,0.00,0.01,0.95,26.37,-1.56,-0.94,-1.49,25.99,1012.92,2.74,76.70
23:10:20,-0.00,0.01,0.95,26.46,-1.63,-1.10,-1.53,25.99,1012.92,2.73,76.54
23:10:21,0.00,0.01,0.95,26.46,-1.41,-1.14,-1.72,25.99,1012.92,2.75,76.44
23:10:22,0.00,0.01,0.95,26.46,-1.56,-1.07,-1.53,25.99,1012.93,2.69,76.30
23:10:23,-0.00,0.01,0.95,26.37,-1.38,-1.19,-1.74,25.99,1012.94,2.59,76.24
23:10:24,-0.00,0.00,0.95,26.46,-1.38,-1.37,-1.69,25.99,1012.91,2.82,76.29
23:10:25,0.00,0.01,0.94,26.37,-1.51,-0.82,-1.58,25.98,1012.91,2.82,76.16
23:10:26,0.00,0.01,0.95,26.46,-1.36,-0.92,-1.78,25.98,1012.92,2.78,76.06
23:10:27,-0.00,0.01,0.95,26.46,-1.15,-1.48,-1.70,25.98,1012.93,2.68,76.18
23:10:28,0.00,0.00,0.95,26.55,-1.51,-0.99,-1.62,25.98,1012.93,2.68,76.29
23:10:29,0.01,0.00,0.95,26.46,-1.66,-1.05,-1.73,25.98,1012.92,2.78,76.34
23:10:30,0.00,0.01,0.95,26.55,-1.62,-0.96,-1.55,25.99,1012.94,2.59,76.31
23:10:31,0.01,0.00,0.94,26.46,-1.61,-0.91,-1.60,25.99,1012.92,2.79,76.49
23:10:32,0.00,0.01,0.95,26.46,-1.32,-1.00,-1.68,26.00,1012.91,2.80,76.59
23:10:33,-0.00,0.01,0.95,26.37,-1.55,-0.98,-1.79,26.00,1012.93,2.68,76.49
23:10:34,-0.00,0.00,0.96,26.46,-1.66,-0.71,-1.69,25.99,1012.90,2.90,76.28
23:10:35,-0.00,0.01,0.95,26.55,-1.60,-1.00,-1.65,26.00,1012.90,2.89,76.83
23:10:36,-0.01,0.00,0.96,26.46,-1.54,-1.16,-1.51,26.01,1012.93,2.68,76.54
23:10:37,0.00,0.00,0.94,26.46,-1.46,-1.15,-1.73,26.01,1012.91,2.80,76.14
23:10:38,0.01,-0.00,0.95,26.37,-1.35,-1.02,-1.55,26.01,1012.91,2.80,76.16
23:10:39,-0.00,0.01,0.95,26.46,-1.24,-1.07,-1.51,26.02,1012.89,3.02,76.20
23:10:40,0.00,0.00,0.94,26.55,-1.25,-1.32,-1.59,26.02,1012.90,2.89,76.11
23:10:41,-0.00,0.00,0.95,26.46,-1.81,-0.33,-1.82,26.03,1012.93,2.64,76.06
23:10:42,-0.00,0.00,0.95,26.46,-1.31,-1.04,-1.83,26.03,1012.91,2.87,75.91
23:10:43,0.01,0.01,0.96,26.46,-1.65,-1.13,-1.64,26.01,1012.92,2.73,75.68
23:10:44,0.00,0.01,0.95,26.37,-1.34,-1.43,-1.41,26.01,1012.91,2.80,75.77
23:10:45,-0.00,0.01,0.95,26.46,-1.66,-1.02,-1.73,26.02,1012.92,2.76,76.06
23:10:46,0.01,0.00,0.96,26.55,-1.78,-1.05,-1.77,26.03,1012.94,2.59,76.16
23:10:47,-0.00,0.01,0.94,26.55,-1.35,-0.99,-1.74,26.03,1012.88,3.06,76.09
23:10:48,0.01,0.01,0.95,26.46,-1.34,-1.27,-1.48,26.03,1012.88,3.04,76.00
23:10:49,-0.00,0.01,0.95,26.55,-1.82,-1.00,-1.79,26.04,1012.92,2.76,76.57
23:10:50,-0.00,0.00,0.95,26.55,-1.46,-1.18,-1.68,26.04,1012.87,3.16,76.56
23:10:51,0.01,0.01,0.95,26.55,-1.39,-1.31,-1.81,26.04,1012.87,3.16,76.15
23:10:52,0.00,0.00,0.95,26.37,-1.25,-1.31,-1.74,26.05,1012.90,2.90,75.86
23:10:53,0.00,0.01,0.95,26.55,-1.49,-1.15,-1.73,26.04,1012.87,3.15,75.63
23:10:54,0.00,0.01,0.95,26.55,-1.47,-1.05,-1.68,26.04,1012.88,3.09,75.73
23:10:55,0.01,0.00,0.94,26.46,-1.47,-0.82,-1.50,26.05,1012.94,2.61,75.84
23:10:56,-0.00,0.01,0.94,26.46,-1.44,-1.25,-1.57,26.07,1012.89,2.97,79.24
23:10:57,-0.00,0.00,0.95,26.55,-1.60,-1.02,-1.81,26.08,1012.90,2.93,80.81
23:10:58,0.00,0.01,0.95,26.46,-1.55,-1.12,-1.62,26.07,1012.94,2.57,80.04
23:10:59,0.01,0.01,0.95,26.46,-1.60,-1.01,-1.73,26.08,1012.89,2.99,79.23
23:11:00,0.00,0.00,0.95,26.46,-1.62,-1.15,-1.54,26.08,1012.91,2.79,78.78
23:11:01,-0.00,0.01,0.95,26.46,-1.63,-1.00,-1.73,26.09,1012.90,2.74,78.35
23:11:02,0.00,0.01,0.94,26.46,-1.76,-1.01,-1.71,26.09,1012.90,2.88,78.21
23:11:03,0.00,0.00,0.95,26.46,-1.71,-0.95,-1.58,26.10,1012.90,2.87,78.28
23:11:04,-0.00,0.01,0.95,26.46,-1.37,-1.05,-1.79,26.10,1012.90,2.90,79.12
23:11:05,-0.00,0.01,0.95,26.46,-1.53,-0.60,-1.45,26.10,1012.88,3.04,78.81
23:11:06,0.01,0.00,0.94,26.37,-1.65,-0.61,-1.63,26.10,1012.92,2.79,78.13
23:11:07,-0.01,0.01,0.95,26.46,-1.78,-0.75,-1.57,26.10,1012.93,2.64,77.46
23:11:08,0.01,0.00,0.95,26.46,-1.56,-1.01,-1.71,26.09,1012.89,2.97,77.01
23:11:09,-0.00,0.01,0.96,26.46,-1.58,-1.02,-1.69,26.09,1012.89,2.96,76.55
23:11:10,0.00,0.01,0.95,26.55,-1.34,-1.06,-1.56,26.08,1012.91,2.86,76.25
23:11:12,0.00,0.01,0.95,26.55,-1.27,-1.03,-1.66,26.07,1012.92,2.74,76.06
23:11:13,0.01,0.01,0.95,26.37,-1.30,-1.39,-1.76,26.06,1012.88,3.08,75.96
23:11:14,0.00,0.01,0.95,26.46,-1.27,-1.56,-1.76,26.05,1012.90,2.94,75.90
23:11:15,0.00,-0.00,0.95,26.55,-1.35,-1.18,-1.62,26.05,1012.91,2.82,75.82
23:11:16,0.01,0.01,0.95,26.46,-1.54,-1.10,-1.63,26.04,1012.88,3.08,75.74
23:11:17,0.00,0.00,0.94,26.46,-1.48,-1.11,-1.92,26.05,1012.90,2.94,76.19
23:11:18,-0.00,0.01,0.94,26.55,-1.40,-1.08,-1.56,26.05,1012.90,2.90,77.07
23:11:19,-0.00,0.00,0.95,26.55,-1.41,-1.09,-1.50,26.07,1012.91,2.84,77.44
23:11:20,0.00,0.01,0.95,26.46,-1.62,-0.98,-1.73,26.06,1012.89,2.99,77.25
23:11:21,0.01,0.01,0.95,26.46,-1.65,-1.04,-1.63,26.06,1012.90,2.92,76.82
23:11:22,0.00,0.00,0.95,26.55,-1.43,-1.23,-1.47,26.05,1012.88,3.07,76.45
23:11:23,0.00,0.01,0.95,26.55,-1.40,-1.26,-1.53,26.04,1012.87,3.19,76.25
23:11:24,0.01,0.01,0.95,26.55,-1.52,-1.02,-1.63,26.04,1012.87,3.18,76.15
23:11:25,0.00,0.01,0.95,26.55,-1.55,-1.23,-1.73,26.04,1012.87,3.15,76.75
23:11:26,0.00,0.01,0.95,26.46,-1.37,-0.96,-1.70,26.04,1012.86,3.28,77.34
23:11:27,-0.00,0.01,0.95,26.46,-1.56,-0.99,-1.62,26.04,1012.86,3.22,77.61
23:11:28,0.01,0.00,0.95,26.55,-1.33,-1.11,-1.69,26.05,1012.88,3.10,77.74
23:11:29,0.00,0.01,0.95,26.55,-1.52,-0.99,-1.59,26.06,1012.88,3.07,77.29
23:11:30,-0.00,0.01,0.96,26.55,-1.58,-1.08,-1.64,26.05,1012.88,3.08,76.79
23:11:31,0.00,0.01,0.94,26.55,-1.61,-0.94,-1.70,26.04,1012.88,3.09,76.41
23:11:32,0.01,0.00,0.96,26.46,-1.69,-0.98,-1.51,26.04,1012.89,3.00,76.19
23:11:33,0.00,0.01,0.95,26.55,-1.57,-1.11,-1.53,26.04,1012.90,2.95,78.31
23:11:34,-0.00,0.01,0.95,26.55,-1.61,-0.97,-1.63,26.03,1012.89,3.03,78.69
23:11:35,0.00,0.01,0.95,26.55,-1.70,-1.25,-1.60,26.03,1012.89,2.99,78.78
23:11:36,0.00,0.01,0.94,26.46,-1.47,-0.95,-1.67,26.03,1012.88,3.11,78.79
23:11:37,0.00,0.01,0.94,26.46,-1.50,-1.24,-1.60,26.03,1012.84,3.43,78.48
23:11:38,0.00,0.00,0.94,26.55,-1.25,-0.96,-1.59,26.02,1012.84,3.43,77.75
23:11:39,0.00,0.01,0.94,26.55,-1.50,-1.21,-1.76,26.00,1012.84,3.41,77.16
23:11:40,0.00,0.01,0.96,26.46,-1.72,-0.97,-1.79,25.99,1012.85,3.36,76.73
23:11:41,0.00,0.00,0.96,26.46,-1.47,-1.21,-1.79,25.98,1012.86,3.23,76.41
23:11:42,0.01,0.00,0.94,26.46,-1.58,-1.15,-1.61,25.98,1012.88,3.05,76.22
23:11:43,0.01,0.01,0.95,26.46,-1.65,-1.17,-1.72,25.97,1012.85,3.30,76.10
23:11:44,0.00,0.01,0.95,26.55,-1.34,-1.14,-1.61,25.96,1012.84,3.37,76.01
23:11:45,-0.00,0.01,0.95,26.55,-1.56,-0.98,-1.74,25.96,1012.87,3.31,76.01
23:11:46,0.00,0.01,0.95,26.46,-1.50,-1.01,-1.70,25.96,1012.84,3.44,76.05
23:11:47,0.00,0.00,0.94,26.46,-1.64,-1.00,-1.50,25.95,1012.85,3.30,76.18
23:11:48,0.00,0.01,0.95,26.37,-1.47,-0.98,-1.53,25.96,1012.87,3.17,76.28
23:11:49,0.00,0.01,0.96,26.46,-1.60,-1.18,-1.79,25.96,1012.86,3.25,76.36
23:11:50,0.00,0.01,0.95,26.46,-1.48,-1.19,-1.52,25.95,1012.85,3.37,76.43
23:11:51,0.00,0.00,0.95,26.55,-1.47,-1.05,-1.47,25.95,1012.85,3.31,76.47
23:11:52,0.00,0.00,0.95,26.46,-1.47,-1.18,-1.55,25.95,1012.85,3.33,76.53
23:11:53,-0.00,0.01,0.95,26.46,-1.41,-1.18,-1.60,25.96,1012.85,3.36,76.50
23:11:54,0.01,0.01,0.95,26.46,-1.66,-1.02,-1.71,25.95,1012.83,3.48,76.40
23:11:55,0.00,0.00,0.95,26.55,-1.48,-0.98,-1.61,25.96,1012.87,3.18,76.35
23:11:56,0.01,0.01,0.95,26.46,-1.58,-1.20,-1.73,25.95,1012.83,3.48,76.24
23:11:57,-0.00,0.01,0.95,26.46,-1.55,-1.00,-1.75,25.96,1012.86,3.13,76.25
23:11:58,-0.01,0.01,0.96,26.46,-1.44,-1.02,-1.56,25.96,1012.85,3.35,76.32
23:11:59,0.00,0.01,0.95,26.55,-1.55,-1.02,-1.65,25.97,1012.85,3.29,76.38
23:12:00,0.00,0.00,0.94,26.55,-1.73,-1.04,-1.59,25.98,1012.86,3.21,76.36
23:12:01,0.00,0.01,0.95,26.46,-1.58,-1.04,-1.60,25.98,1012.85,3.32,76.33
23:12:02,0.00,0.01,0.94,26.55,-1.56,-0.84,-1.59,25.99,1012.84,3.45,76.27
23:12:03,0.00,0.01,0.95,26.46,-1.59,-1.17,-1.73,25.99,1012.84,3.43,76.28
23:12:04,0.01,0.00,0.95,26.55,-1.41,-1.15,-1.68,26.00,1012.86,3.23,76.29
23:12:05,0.00,0.01,0.94,26.55,-1.47,-1.24,-1.69,26.01,1012.84,3.44,76.25
23:12:06,0.00,0.01,0.95,26.46,-1.57,-1.15,-1.64,26.01,1012.86,3.24,76.19
23:12:07,0.00,0.01,0.95,26.46,-1.62,-1.30,-1.70,26.02,1012.83,3.51,76.20
23:12:08,0.01,0.00,0.94,26.46,-1.49,-1.32,-1.69,26.02,1012.83,3.49,76.18
23:12:09,0.01,0.00,0.95,26.55,-1.67,-1.03,-1.60,26.03,1012.84,3.39,76.12
23:12:10,-0.00,0.00,0.95,26.37,-1.62,-1.04,-1.50,26.03,1012.81,3.68,76.19
23:12:11,0.00,0.01,0.95,26.55,-1.43,-1.00,-1.67,26.04,1012.85,3.29,76.22
23:12:12,0.00,0.01,0.95,26.55,-1.63,-1.08,-1.71,26.03,1012.84,3.37,76.24
23:12:13,-0.00,0.00,0.95,26.46,-1.56,-1.11,-1.69,26.04,1012.84,3.38,76.27
23:12:14,0.00,0.01,0.95,26.55,-1.53,-0.94,-1.56,26.04,1012.86,3.22,76.26
23:12:15,0.01,0.01,0.95,26.55,-1.41,-1.18,-1.53,26.04,1012.87,3.15,76.15
23:12:16,0.01,0.01,0.95,26.55,-1.47,-1.15,-1.70,26.05,1012.83,3.53,76.03
23:12:17,0.00,0.01,0.95,26.55,-1.56,-1.11,-1.71,26.05,1012.85,3.36,76.02
23:12:18,0.00,0.00,0.95,26.55,-1.41,-1.08,-1.76,26.05,1012.84,3.40,76.10
23:12:19,0.00,0.00,0.95,26.46,-1.54,-1.04,-1.50,26.06,1012.82,3.56,76.13
23:12:20,-0.00,0.01,0.96,26.46,-1.30,-1.15,-1.75,26.06,1012.84,3.39,76.12
23:12:21,-0.00,0.01,0.94,26.46,-1.53,-1.24,-1.66,26.06,1012.84,3.37,76.09
23:12:22,-0.00,0.01,0.95,26.55,-1.48,-1.14,-1.73,26.04,1012.86,3.26,75.86
23:12:23,0.00,0.01,0.95,26.46,-1.50,-1.02,-1.66,26.04,1012.85,3.32,75.71
23:12:25,0.00,0.01,0.95,26.55,-1.53,-1.07,-1.69,26.02,1012.85,3.30,75.68
23:12:26,0.00,0.01,0.95,26.55,-1.65,-1.15,-1.87,26.02,1012.83,3.52,75.69
23:12:27,0.00,0.01,0.95,26.55,-1.34,-1.21,-1.66,26.01,1012.85,3.31,75.65
23:12:28,0.00,0.01,0.95,26.46,-1.33,-0.98,-1.76,26.00,1012.87,3.17,75.57
23:12:29,0.00,0.00,0.95,26.46,-1.52,-1.18,-1.72,26.00,1012.87,3.20,75.63
23:12:30,0.00,0.01,0.95,26.46,-1.62,-1.01,-1.72,26.00,1012.85,3.37,75.65
23:12:31,0.00,0.01,0.94,26.46,-1.44,-0.93,-1.60,26.00,1012.89,3.00,75.62
23:12:32,0.00,0.01,0.95,26.37,-1.46,-1.12,-1.54,25.99,1012.88,3.06,75.57
23:12:33,0.00,0.00,0.95,26.55,-1.52,-1.08,-1.53,25.98,1012.83,3.46,75.53
23:12:34,0.00,0.01,0.94,26.46,-1.34,-1.00,-1.74,25.99,1012.87,3.19,75.64
23:12:35,-0.00,0.01,0.94,26.55,-1.60,-1.05,-1.63,25.99,1012.89,3.03,75.54
23:12:36,-0.00,0.01,0.96,26.46,-1.46,-1.27,-1.71,25.97,1012.84,3.44,75.48
23:12:37,0.00,0.01,0.95,26.46,-1.40,-1.08,-1.82,25.97,1012.84,3.42,75.50
23:12:38,-0.00,0.01,0.95,26.46,-1.50,-1.08,-1.63,25.97,1012.86,3.27,75.49
23:12:39,0.00,0.01,0.95,26.46,-1.53,-1.20,-1.69,25.97,1012.86,3.26,75.53
23:12:40,0.00,0.01,0.95,26.46,-1.66,-1.07,-1.71,25.96,1012.88,3.08,75.56
23:12:41,0.00,0.01,0.96,26.55,-1.63,-1.05,-1.77,25.96,1012.90,2.92,75.54
23:12:42,0.00,0.01,0.96,26.46,-1.72,-0.88,-1.79,25.95,1012.89,2.96,75.54
23:12:43,-0.00,0.01,0.94,26.46,-1.24,-0.98,-1.61,25.95,1012.89,3.03,75.59
23:12:44,0.00,0.01,0.95,26.55,-1.55,-1.02,-1.65,25.95,1012.87,3.18,75.57
23:12:45,0.00,0.00,0.95,26.46,-1.53,-1.21,-1.82,25.95,1012.89,2.99,75.61
23:12:46,-0.00,0.01,0.95,26.55,-1.53,-1.06,-1.61,25.95,1012.88,3.20,75.63
23:12:47,0.00,0.01,0.95,26.46,-1.34,-1.07,-1.79,25.96,1012.89,3.00,75.66
23:12:48,0.01,0.00,0.95,26.55,-1.70,-1.06,-1.59,25.96,1012.89,2.99,75.67
23:12:49,0.00,0.01,0.96,26.46,-1.45,-1.05,-1.67,25.96,1012.88,3.11,75.64
23:12:50,0.00,0.01,0.95,26.46,-1.61,-1.30,-1.56,25.97,1012.89,2.96,75.61
23:12:51,-0.00,0.01,0.94,26.37,-1.59,-1.15,-1.68,25.97,1012.90,2.94,75.57
23:12:52,0.00,0.01,0.96,26.37,-1.59,-0.95,-1.65,25.98,1012.87,3.16,75.62
23:12:53,-0.00,0.01,0.95,26.55,-1.60,-1.20,-1.50,25.99,1012.90,2.92,75.67
23:12:54,-0.00,0.01,0.95,26.46,-1.41,-1.20,-1.72,26.00,1012.92,2.74,75.69
23:12:55,0.00,0.01,0.94,26.37,-1.52,-1.02,-1.69,25.99,1012.90,2.92,75.62
23:12:56,0.00,0.01,0.95,26.46,-1.49,-1.03,-1.69,25.98,1012.89,3.03,75.54
23:12:57,0.00,0.01,0.96,26.46,-1.43,-1.24,-1.66,25.97,1012.90,2.90,75.49
23:12:58,-0.00,0.01,0.95,26.46,-1.67,-0.84,-1.60,25.96,1012.88,3.11,75.48
23:12:59,-0.00,0.01,0.94,26.46,-1.66,-1.01,-1.70,25.95,1012.89,3.03,75.51
23:13:00,0.00,0.00,0.95,26.46,-1.57,-1.21,-1.72,25.96,1012.90,2.90,75.57
